"testerId","firstName","lastName","country","lastLogin"
"1","Miguel","Bautista","US","2013-08-04 23:57:38"
"2","Michael","Lubavin","US","2013-07-12 13:27:18"
"3","Leonard","Sutton","GB","2013-07-16 21:17:28"
"4","Taybin","Rutkin","US","2013-01-01 10:57:38"
"5","Mingquan","Zheng","JP","2013-08-04 22:07:38"
"6","Stanley","Chen","GB","2013-08-04 21:57:38"
"7","Lucas","Lowry","JP","2013-07-12 23:57:38"
"8","Sean","Wellington","JP","2013-08-05 13:27:38"
"9","Darshini","Thiagarajan","GB","2013-08-05 15:00:38"